workload_tokens,condition,generated_tokens,p_cache_slots,p_cache_canonical_bytes,retained_kv_cache_bytes,baseline_allocated_bytes,peak_allocated_bytes,peak_reserved_bytes,incremental_peak_allocated_bytes,incremental_peak_reserved_bytes,runtime_seconds,failure
64,p_cache_only,8,64,134464,0,2849172992,2856644608,2910846976,7471616,4194304,0.2554637499997625,
64,kv_only,8,0,0,13959168,2849172992,2868457984,2923429888,19284992,16777216,0.17538804200012237,
64,p_cache_plus_kv,8,64,134464,13959168,2849172992,2868492800,2923429888,19319808,16777216,0.20454967800469603,
256,p_cache_only,8,256,537856,0,2849172992,2877656576,2942304256,28483584,35651584,0.7414951529935934,
256,kv_only,8,0,0,51707904,2849172992,2930360320,2990538752,81187328,83886080,0.19367339000746142,
256,p_cache_plus_kv,8,256,537856,51707904,2849172992,2930496512,2990538752,81323520,83886080,0.41562580699974205,
1024,p_cache_only,8,1024,2151424,0,2849172992,2957690880,3080716288,108517888,174063616,2.710468404009589,
1024,kv_only,8,0,0,202702848,2849172992,3157732864,3246391296,308559872,339738624,0.37531103400397114,
1024,p_cache_plus_kv,8,1024,2151424,202702848,2849172992,3158275072,3265265664,309102080,358612992,1.2812230650015408,
